Date,Los Angeles,San Diego,Orange,Riverside,San Bernardino,Santa Clara,Alameda,Sacramento,Contra-Costa,Fresno
1990-01-01,215338.0,180484.0,231274.0,136832.0,128806.0,271840.0,226149.0,123000.0,,82083.0
1990-02-01,208399.0,180714.0,233656.0,136021.0,124545.0,273100.0,219306.0,126900.0,,87187.0
1990-03-01,208135.0,183701.0,242312.0,135835.0,127017.0,275500.0,225162.0,127500.0,,83889.0
1990-04-01,219004.0,181567.0,239380.0,134629.0,131485.0,274660.0,229333.0,135500.0,,85428.0
1990-05-01,209065.0,180794.0,256401.0,140823.0,130538.0,266670.0,232291.0,138000.0,,88749.0
1990-06-01,210606.0,186733.0,244364.0,139952.0,130769.0,276960.0,231250.0,142000.0,,87999.0
1990-07-01,225251.0,185861.0,236109.0,143127.0,131481.0,273600.0,232916.0,145000.0,,91346.0
1990-08-01,213478.0,185639.0,234908.0,143827.0,129601.0,273340.0,228467.0,142000.0,,95178.0
1990-09-01,211552.0,186272.0,226250.0,144070.0,126497.0,258060.0,225000.0,139000.0,,92500.0
1990-10-01,207801.0,179444.0,229612.0,139775.0,126666.0,253470.0,221093.0,136700.0,,96891.0
1990-11-01,202717.0,176980.0,227481.0,141311.0,133596.0,257450.0,226126.0,135500.0,,96052.0
1990-12-01,212855.0,181470.0,228532.0,139513.0,127787.0,254720.0,218161.0,130000.0,,87682.0
1991-01-01,197706.0,182000.0,226793.0,137571.0,131428.0,247250.0,216532.0,130700.0,,97856.0
1991-02-01,199157.0,178888.0,226398.0,134639.0,130000.0,243870.0,222896.0,131000.0,,96666.0
1991-03-01,207940.0,183111.0,234877.0,137607.0,134416.0,248560.0,221768.0,137000.0,,91364.0
1991-04-01,213442.0,183114.0,235078.0,134524.0,133377.0,262460.0,233192.0,140000.0,,92500.0
1991-05-01,218892.0,188732.0,240532.0,139903.0,134810.0,268780.0,239885.0,139000.0,,98939.0
1991-06-01,224055.0,188509.0,237573.0,141512.0,132513.0,277450.0,229129.0,136800.0,,97023.0
1991-07-01,230028.0,190000.0,237555.0,145495.0,140294.0,268200.0,234042.0,140000.0,,100233.0
1991-08-01,220858.0,198522.0,236437.0,147167.0,132409.0,267250.0,231551.0,139900.0,,98408.0
1991-09-01,231449.0,181046.0,235668.0,150449.0,135063.0,251220.0,224811.0,135000.0,,98973.0
1991-10-01,209256.0,183088.0,229203.0,143245.0,137631.0,250000.0,221656.0,135000.0,,103695.0
1991-11-01,202237.0,181639.0,234984.0,147576.0,132325.0,245980.0,221098.0,130000.0,,97499.0
1991-12-01,222829.0,188817.0,239190.0,138861.0,134469.0,256250.0,228195.0,135000.0,,93947.0
1992-01-01,213951.0,182978.0,222302.0,142836.0,136021.0,245060.0,212500.0,134000.0,,91364.0
1992-02-01,207018.0,177884.0,220655.0,143202.0,135342.0,243370.0,213194.0,135000.0,,99642.0
1992-03-01,218844.0,187428.0,230395.0,140770.0,134592.0,251680.0,222837.0,132500.0,,97571.0
1992-04-01,211762.0,182727.0,226305.0,137915.0,138428.0,254670.0,226946.0,133500.0,,98225.0
1992-05-01,204440.0,190481.0,237872.0,140051.0,136619.0,267120.0,221220.0,132000.0,,101636.0
1992-06-01,211278.0,182937.0,229516.0,144141.0,133521.0,256010.0,229885.0,133000.0,,103400.0
1992-07-01,221820.0,188218.0,225313.0,146234.0,137449.0,253540.0,222153.0,132000.0,,99827.0
1992-08-01,212099.0,178986.0,228781.0,142937.0,134537.0,242810.0,223511.0,132000.0,,96964.0
1992-09-01,212738.0,185909.0,224886.0,146806.0,132948.0,244750.0,219496.0,131200.0,,107368.0
1992-10-01,201149.0,182313.0,221800.0,141659.0,136829.0,243530.0,214925.0,130000.0,,104127.0
1992-11-01,207083.0,181709.0,221394.0,143193.0,136703.0,239620.0,217514.0,130000.0,,96606.0
1992-12-01,214005.0,180571.0,226063.0,138243.0,134562.0,253130.0,222321.0,132500.0,,94482.0
1993-01-01,207810.0,174895.0,213494.0,131548.0,135444.0,246000.0,209583.0,129200.0,,94444.0
1993-02-01,195681.0,176960.0,210186.0,137424.0,135000.0,242240.0,201699.0,125500.0,,98999.0
1993-03-01,198013.0,173481.0,213593.0,136932.0,139422.0,243510.0,216313.0,130000.0,,95178.0
1993-04-01,197547.0,177710.0,207998.0,131012.0,132745.0,242740.0,219999.0,130000.0,,96363.0
1993-05-01,188159.0,178787.0,216383.0,139332.0,138022.0,243450.0,219897.0,131310.0,,99473.0
1993-06-01,198428.0,180937.0,214806.0,140435.0,134076.0,247920.0,228279.0,125600.0,,94333.0
1993-07-01,209132.0,176874.0,212721.0,143932.0,139249.0,256250.0,215408.0,132000.0,,102500.0
1993-08-01,205319.0,179624.0,215264.0,140213.0,137130.0,250630.0,223888.0,126500.0,,98749.0
1993-09-01,204656.0,173267.0,213516.0,137652.0,134545.0,247900.0,212005.0,125000.0,,101552.0
1993-10-01,196762.0,181805.0,208687.0,135953.0,133723.0,242250.0,208918.0,128000.0,,100588.0
1993-11-01,192945.0,174041.0,215247.0,138110.0,135904.0,248930.0,215714.0,124900.0,,100476.0
1993-12-01,201134.0,175624.0,213688.0,134093.0,133278.0,249360.0,207994.0,126000.0,,101562.0
1994-01-01,194086.0,175078.0,195031.0,132347.0,135973.0,245813.0,207822.0,125000.0,,121094.0
1994-02-01,184741.0,176060.0,192535.0,136216.0,132112.0,249580.0,204389.0,124000.0,,106333.0
1994-03-01,184207.0,178454.0,208442.0,129582.0,131102.0,259220.0,209117.0,129700.0,,102830.0
1994-04-01,185304.0,178853.0,213069.0,129293.0,131908.0,262270.0,217890.0,126500.0,,101212.0
1994-05-01,175208.0,179866.0,209323.0,130624.0,131709.0,253050.0,205494.0,128750.0,,99867.0
1994-06-01,189800.0,176838.0,210071.0,132175.0,131600.0,268060.0,216705.0,122000.0,,109180.0
1994-07-01,197166.0,178470.0,207867.0,134878.0,130625.0,248820.0,205912.0,129000.0,,95199.0
1994-08-01,193129.0,172916.0,210148.0,130694.0,131896.0,257050.0,203947.0,124000.0,,96896.0
1994-09-01,199793.0,174615.0,209062.0,134489.0,131985.0,257520.0,211482.0,118000.0,,96841.0
1994-10-01,189198.0,170263.0,206926.0,130106.0,129642.0,248580.0,207390.0,121000.0,,105849.0
1994-11-01,188980.0,169930.0,207002.0,131497.0,129680.0,245330.0,203550.0,122000.0,,100000.0
1994-12-01,195359.0,171311.0,215705.0,129609.0,127655.0,249540.0,208654.0,122000.0,,99463.0
1995-01-01,186714.0,170571.0,194868.0,131987.0,127287.0,238994.0,194528.0,119750.0,,95624.0
1995-02-01,169600.0,173158.0,193072.0,124780.0,122112.0,255000.0,199258.0,120000.0,,91071.0
1995-03-01,163147.0,172454.0,207615.0,120319.0,119210.0,246539.0,198888.0,120000.0,,98845.0
1995-04-01,165889.0,167845.0,200782.0,126465.0,125321.0,248205.0,204610.0,116775.0,,100455.0
1995-05-01,156469.0,167083.0,209993.0,119391.0,122566.0,248926.0,209335.0,115000.0,,95869.0
1995-06-01,172655.0,174523.0,210229.0,123741.0,123474.0,268037.0,214090.0,119990.0,,103333.0
1995-07-01,180077.0,175438.0,207634.0,125336.0,126603.0,256457.0,212316.0,121000.0,,102727.0
1995-08-01,178717.0,174342.0,205658.0,124717.0,122569.0,265624.0,211904.0,122000.0,,103962.0
1995-09-01,186901.0,172237.0,207355.0,122114.0,118898.0,261363.0,210893.0,120000.0,,94375.0
1995-10-01,162525.0,169230.0,202791.0,122879.0,122836.0,254167.0,207414.0,120000.0,,97856.0
1995-11-01,159524.0,175818.0,204003.0,125909.0,120603.0,261718.0,206743.0,119000.0,,96249.0
1995-12-01,178186.0,167214.0,207967.0,120613.0,115688.0,253080.0,204362.0,115000.0,,94091.0
1996-01-01,175746.0,174750.0,198007.0,123441.0,116395.0,254942.0,201739.0,111950.0,,92954.0
1996-02-01,163158.0,174215.0,202138.0,114367.0,118823.0,248676.0,205250.0,111000.0,,93823.0
1996-03-01,161760.0,172676.0,200987.0,114996.0,116808.0,268156.0,208046.0,117000.0,,96071.0
1996-04-01,162025.0,170061.0,210447.0,117551.0,119632.0,266319.0,210130.0,117000.0,,96944.0
1996-05-01,154313.0,172048.0,216546.0,118500.0,115144.0,275814.0,213709.0,118000.0,,92258.0
1996-06-01,172152.0,178597.0,216249.0,124034.0,120504.0,279942.0,213414.0,115000.0,,96481.0
1996-07-01,174329.0,180000.0,205538.0,120010.0,114210.0,290932.0,222612.0,117950.0,,96406.0
1996-08-01,174590.0,175168.0,212797.0,122335.0,116339.0,275146.0,218452.0,115000.0,,92143.0
1996-09-01,191264.0,172893.0,215228.0,123204.0,109382.0,271318.0,218251.0,115000.0,,97499.0
1996-10-01,167848.0,172601.0,207656.0,116999.0,108084.0,275510.0,220375.0,115000.0,,90909.0
1996-11-01,161823.0,181800.0,211769.0,121391.0,110988.0,281801.0,216186.0,110230.0,,96911.0
1996-12-01,167550.0,171074.0,217044.0,119396.0,108571.0,281207.0,211695.0,110000.0,,92424.0
1997-01-01,170223.0,176470.0,205510.0,115047.0,109569.0,283654.0,213461.0,113000.0,,91053.0
1997-02-01,158193.0,170187.0,202300.0,117887.0,108333.0,283333.0,206818.0,111090.0,,96199.0
1997-03-01,157992.0,180370.0,216160.0,114835.0,113900.0,292024.0,207143.0,117000.0,,98599.0
1997-04-01,159912.0,178838.0,218105.0,114845.0,116708.0,315517.0,230023.0,110000.0,,90517.0
1997-05-01,156131.0,185512.0,226618.0,120155.0,116823.0,292024.0,230387.0,116000.0,,91154.0
1997-06-01,173522.0,186214.0,231864.0,122662.0,114880.0,318801.0,231725.0,120000.0,,96428.0
1997-07-01,176878.0,192201.0,222762.0,125145.0,112571.0,326587.0,240294.0,122500.0,,103000.0
1997-08-01,181888.0,193243.0,229421.0,126744.0,109705.0,329303.0,234529.0,117000.0,,100317.0
1997-09-01,192235.0,186066.0,230404.0,132009.0,109792.0,327947.0,234023.0,115950.0,,103095.0
1997-10-01,178860.0,186060.0,229978.0,127317.0,110865.0,330678.0,239244.0,114000.0,,97833.0
1997-11-01,167707.0,189694.0,235444.0,131273.0,113496.0,329108.0,239999.0,116500.0,,104117.0
1997-12-01,180722.0,191818.0,238972.0,121690.0,111300.0,341365.0,234375.0,115000.0,,104576.0
1998-01-01,176261.0,191603.0,230399.0,121908.0,94851.0,326666.0,229687.0,114745.0,,98157.0
1998-02-01,169043.0,185564.0,231475.0,129529.0,93664.0,322988.0,234772.0,113000.0,,95454.0
1998-03-01,167343.0,198300.0,242669.0,127575.0,98609.0,351158.0,239595.0,118250.0,,97878.0
1998-04-01,171035.0,209580.0,245336.0,123634.0,97813.0,371575.0,259606.0,125000.0,,95781.0
1998-05-01,167067.0,206332.0,263221.0,135223.0,96230.0,378548.0,255440.0,129025.0,,99705.0
1998-06-01,194120.0,214320.0,266929.0,125352.0,115882.0,383870.0,267806.0,125652.0,,100000.0
1998-07-01,200749.0,215598.0,264942.0,134728.0,126415.0,380781.0,267601.0,126750.0,,100135.0
1998-08-01,200735.0,220553.0,272197.0,129311.0,119770.0,373300.0,263517.0,126000.0,,101077.0
1998-09-01,210536.0,209524.0,263871.0,131600.0,117878.0,366547.0,257258.0,125285.0,,99031.0
1998-10-01,187040.0,208093.0,258001.0,131164.0,121758.0,356985.0,261234.0,127340.0,,98333.0
1998-11-01,181937.0,206407.0,258526.0,131690.0,115767.0,354498.0,253846.0,116135.0,,100462.0
1998-12-01,192491.0,212237.0,266550.0,121000.0,116590.0,369969.0,253846.0,135137.0,,102208.0
1999-01-01,185547.0,219323.0,255424.0,127189.0,112138.0,350000.0,248195.0,120000.0,,92045.0
1999-02-01,184903.0,208298.0,260759.0,123456.0,115112.0,353000.0,245121.0,125298.0,,97199.0
1999-03-01,181409.0,221069.0,273730.0,132576.0,115726.0,383750.0,272404.0,129393.0,,96590.0
1999-04-01,189528.0,224781.0,270013.0,135943.0,114557.0,394875.0,290334.0,131576.0,,105714.0
1999-05-01,184558.0,229222.0,275251.0,132275.0,122623.0,395000.0,301751.0,131370.0,,104117.0
1999-06-01,204441.0,237415.0,282648.0,138817.0,119325.0,410000.0,313474.0,132135.0,,105714.0
1999-07-01,206165.0,233595.0,279442.0,148392.0,120713.0,409000.0,313182.0,131367.0,,100642.0
1999-08-01,205611.0,243508.0,283227.0,144128.0,118066.0,415000.0,313481.0,133231.0,,99238.0
1999-09-01,220873.0,238531.0,280882.0,146455.0,120003.0,411500.0,285163.0,135975.0,,99545.0
1999-10-01,191884.0,234933.0,276406.0,142368.0,115788.0,395000.0,312879.0,131481.0,,97142.0
1999-11-01,188348.0,236538.0,284027.0,146715.0,115724.0,416450.0,302842.0,134438.0,,100000.0
1999-12-01,197781.0,238765.0,284860.0,136326.0,113923.0,425000.0,292804.0,132652.0,,100735.0
2000-01-01,200055.0,251212.0,290674.0,147298.0,117881.0,435000.0,323795.0,132317.0,,105000.0
2000-02-01,194814.0,245914.0,297649.0,152577.0,109000.0,463250.0,327747.0,129354.0,,91875.0
2000-03-01,190354.0,256985.0,302710.0,146922.0,113346.0,522000.0,348034.0,135284.0,,95945.0
2000-04-01,197372.0,260625.0,317235.0,144394.0,117488.0,555444.0,371064.0,138234.0,,101143.0
2000-05-01,184576.0,276651.0,324188.0,158249.0,115626.0,528000.0,369383.0,142407.0,,103780.0
2000-06-01,218166.0,271920.0,323648.0,154360.0,118078.0,540000.0,391288.0,145424.0,,105625.0
2000-07-01,224681.0,271755.0,318267.0,155636.0,117821.0,545000.0,372433.0,149116.0,,98584.0
2000-08-01,233351.0,276982.0,324695.0,162584.0,121522.0,520000.0,359120.0,149339.0,,111133.0
2000-09-01,245860.0,268363.0,326737.0,163774.0,124741.0,500000.0,361250.0,149967.0,,108169.0
2000-10-01,216145.0,279058.0,321810.0,162780.0,127600.0,526950.0,393343.0,149878.0,,118643.0
2000-11-01,213119.0,280492.0,316773.0,170758.0,121206.0,548250.0,406364.0,152972.0,,104531.0
2000-12-01,221340.0,278906.0,322046.0,162607.0,118965.0,535000.0,410952.0,149827.0,,106202.0
2001-01-01,213796.0,282176.0,326470.0,155660.0,113863.0,574000.0,391303.0,152052.0,,101200.0
2001-02-01,213684.0,285922.0,328904.0,161846.0,118118.0,552000.0,400962.0,163600.0,,102909.0
2001-03-01,216504.0,285534.0,346730.0,164951.0,127226.0,565000.0,421542.0,166875.0,,112257.0
2001-04-01,213628.0,300938.0,348414.0,171052.0,127434.0,525500.0,426373.0,172235.0,,117499.0
2001-05-01,212274.0,293312.0,355043.0,179847.0,130446.0,532000.0,394444.0,172235.0,,116978.0
2001-06-01,244664.0,301185.0,355252.0,184446.0,133956.0,547500.0,405389.0,179270.0,,117640.0
2001-07-01,252020.0,308696.0,359110.0,178279.0,134593.0,525000.0,404872.0,177017.0,,126753.0
2001-08-01,254947.0,313389.0,367695.0,181035.0,132461.0,510000.0,408836.0,177911.0,,122716.0
2001-09-01,276206.0,314646.0,356230.0,195097.0,131104.0,500000.0,385210.0,174398.0,,129866.0
2001-10-01,244995.0,294246.0,356688.0,178825.0,133785.0,480000.0,388753.0,175513.0,,124627.0
2001-11-01,239008.0,298057.0,356335.0,187220.0,138922.0,498800.0,389887.0,177342.0,,130689.0
2001-12-01,255191.0,311835.0,360836.0,183627.0,137889.0,495000.0,394957.0,178283.0,,128630.0
2002-01-01,258972.0,304155.0,362007.0,179024.0,136576.0,493500.0,390576.0,179385.0,,128888.0
2002-02-01,251811.0,326731.0,369821.0,184715.0,131963.0,520000.0,405181.0,182840.0,,134038.0
2002-03-01,253609.0,338414.0,379278.0,192422.0,134868.0,535000.0,403448.0,187196.0,,131818.0
2002-04-01,260195.0,345537.0,392999.0,196304.0,137939.0,550000.0,455749.0,195953.0,,127272.0
2002-05-01,251712.0,370312.0,409177.0,200086.0,141828.0,578750.0,447773.0,206486.0,,134444.0
2002-06-01,286326.0,368654.0,428608.0,208197.0,144109.0,575000.0,471222.0,216613.0,,148947.0
2002-07-01,291245.0,376251.0,430239.0,211339.0,148945.0,560000.0,464999.0,214482.0,,145671.0
2002-08-01,304918.0,378834.0,432768.0,211282.0,145980.0,540000.0,460958.0,221107.0,,150166.0
2002-09-01,325418.0,383075.0,428988.0,213328.0,154986.0,550000.0,459832.0,225553.0,,151384.0
2002-10-01,294631.0,378293.0,429023.0,212534.0,154136.0,535000.0,452391.0,223006.0,,158627.0
2002-11-01,288319.0,378036.0,427126.0,225378.0,157278.0,530000.0,450990.0,225000.0,,156229.0
2002-12-01,307489.0,381440.0,428313.0,218657.0,153868.0,532750.0,453079.0,226899.0,,150526.0
2003-01-01,302861.0,385848.0,442753.0,214921.0,160694.0,510000.0,441025.0,227403.0,,158541.0
2003-02-01,291928.0,385167.0,447885.0,225289.0,154696.0,535000.0,439080.0,228820.0,,158166.0
2003-03-01,290523.0,394491.0,448596.0,236698.0,159385.0,544500.0,471632.0,233451.0,,166301.0
2003-04-01,305047.0,394986.0,464216.0,241805.0,164671.0,540000.0,471715.0,236293.0,,169545.0
2003-05-01,300669.0,408483.0,469925.0,247092.0,167035.0,540000.0,471005.0,241465.0,,170307.0
2003-06-01,340955.0,419316.0,482421.0,258848.0,173743.0,562000.0,488474.0,251913.0,,178856.0
2003-07-01,364344.0,430473.0,496519.0,258106.0,176683.0,549000.0,486363.0,247410.0,,181379.0
2003-08-01,377989.0,444227.0,527881.0,268839.0,185513.0,560000.0,483883.0,255152.0,,184383.0
2003-09-01,406301.0,433818.0,523794.0,265837.0,183762.0,550000.0,483461.0,256165.0,,176476.0
2003-10-01,359477.0,449345.0,529128.0,269961.0,185421.0,559000.0,478347.0,257440.0,,177653.0
2003-11-01,352761.0,454625.0,533837.0,271739.0,185924.0,556000.0,485191.0,260013.0,,192916.0
2003-12-01,378200.0,466030.0,546527.0,277239.0,188974.0,565000.0,491495.0,267320.0,,198823.0
2004-01-01,381935.0,468450.0,580922.0,289300.0,191443.0,555000.0,489603.0,262213.0,,179482.0
2004-02-01,371042.0,479545.0,594234.0,294726.0,195793.0,565000.0,530746.0,277821.0,,207339.0
2004-03-01,371789.0,494025.0,623176.0,320268.0,207388.0,620000.0,528871.0,286999.0,,211232.0
2004-04-01,391502.0,527315.0,660914.0,337889.0,223089.0,615500.0,558392.0,296331.0,,213928.0
2004-05-01,391691.0,565028.0,681597.0,355008.0,229532.0,630500.0,591700.0,306230.0,,225812.0
2004-06-01,446725.0,580673.0,671215.0,360410.0,241507.0,639900.0,589285.0,320803.0,,234687.0
2004-07-01,460110.0,582492.0,661942.0,355184.0,258002.0,637750.0,595273.0,322289.0,,241145.0
2004-08-01,457166.0,579044.0,652906.0,353747.0,259229.0,623000.0,586409.0,328407.0,,248871.0
2004-09-01,495561.0,573077.0,647908.0,359848.0,256502.0,629000.0,590576.0,335276.0,,251938.0
2004-10-01,445781.0,566744.0,631213.0,351315.0,256039.0,634000.0,604464.0,337783.0,,250475.0
2004-11-01,436452.0,564827.0,636389.0,355857.0,265128.0,642000.0,599397.0,345940.0,,244999.0
2004-12-01,459461.0,577041.0,635446.0,364932.0,261724.0,660000.0,604392.0,347828.0,,248537.0
2005-01-01,469028.0,580215.0,643196.0,366979.0,276170.0,659750.0,584360.0,346229.0,,260345.0
2005-02-01,450086.0,580858.0,669986.0,373921.0,281273.0,700900.0,619320.0,351905.0,,258027.0
2005-03-01,443496.0,588798.0,682390.0,382634.0,285052.0,730000.0,649200.0,357356.0,,270616.0
2005-04-01,451503.0,593601.0,697797.0,389406.0,301799.0,750000.0,659260.0,369765.0,,270652.0
2005-05-01,447789.0,608301.0,712647.0,396899.0,301034.0,735500.0,665320.0,379792.0,,294096.0
2005-06-01,515669.0,614125.0,718651.0,413143.0,318874.0,750500.0,681540.0,381993.0,,298635.0
2005-07-01,541717.0,616053.0,723003.0,408902.0,327820.0,749000.0,678650.0,387812.0,,295025.0
2005-08-01,561791.0,616870.0,732765.0,407614.0,329616.0,753000.0,676080.0,394450.0,,307522.0
2005-09-01,608623.0,612029.0,722383.0,414224.0,334094.0,730000.0,666730.0,383921.0,,302133.0
2005-10-01,532586.0,601851.0,724306.0,405780.0,338114.0,739500.0,665100.0,383284.0,,304293.0
2005-11-01,524509.0,616840.0,712873.0,419174.0,336873.0,740000.0,671490.0,379928.0,,304348.0
2005-12-01,534443.0,603679.0,719619.0,411329.0,334700.0,730000.0,663480.0,379012.0,,290867.0
2006-01-01,556046.0,605603.0,723740.0,413165.0,338555.0,740000.0,645600.0,372901.0,614020.0,287902.0
2006-02-01,537774.0,608766.0,741135.0,416125.0,341273.0,764000.0,663950.0,378674.0,614850.0,289351.0
2006-03-01,521676.0,607368.0,747820.0,424531.0,346600.0,760000.0,663640.0,376006.0,640450.0,306936.0
2006-04-01,526407.0,601067.0,749125.0,415180.0,349466.0,770000.0,686820.0,374356.0,631360.0,298518.0
2006-05-01,503127.0,622378.0,746768.0,425142.0,345882.0,795000.0,682690.0,381921.0,652050.0,297058.0
2006-06-01,558069.0,615632.0,749697.0,431713.0,347955.0,813000.0,685580.0,384244.0,671320.0,313506.0
2006-07-01,576557.0,611997.0,731386.0,421806.0,348463.0,800000.0,677310.0,377765.0,657420.0,297841.0
2006-08-01,582953.0,598580.0,727182.0,426626.0,350288.0,765750.0,673460.0,378177.0,643320.0,292856.0
2006-09-01,625043.0,593905.0,721582.0,422759.0,343122.0,769105.0,659110.0,369404.0,620700.0,290674.0
2006-10-01,562802.0,574527.0,708692.0,408086.0,342548.0,775000.0,658650.0,366945.0,605630.0,288167.0
2006-11-01,556528.0,578125.0,720943.0,413808.0,345736.0,769999.0,643840.0,365118.0,632100.0,282236.0
2006-12-01,585447.0,585974.0,714820.0,427333.0,335612.0,735000.0,659040.0,363170.0,602650.0,283870.0
2007-01-01,555713.0,581775.0,709692.0,406405.0,343873.0,738000.0,651220.0,359911.0,624340.0,289999.0
2007-02-01,534759.0,593685.0,723815.0,422695.0,322066.0,788000.0,655090.0,374109.0,634520.0,286206.0
2007-03-01,552287.0,605946.0,730381.0,423302.0,332978.0,829000.0,684310.0,362999.0,649460.0,280813.0
2007-04-01,563330.0,610973.0,763841.0,419231.0,339451.0,865000.0,692900.0,361882.0,669980.0,286339.0
2007-05-01,544858.0,612369.0,740400.0,424242.0,340316.0,855000.0,709420.0,356104.0,698420.0,293154.0
2007-06-01,591741.0,619181.0,775424.0,416084.0,328469.0,865000.0,694780.0,351617.0,683200.0,279901.0
2007-07-01,610196.0,601731.0,740195.0,402222.0,310513.0,852500.0,696330.0,346217.0,685650.0,286494.0
2007-08-01,618652.0,595070.0,740541.0,402041.0,311962.0,850000.0,703180.0,332509.0,649860.0,271067.0
2007-09-01,625812.0,560844.0,714887.0,381867.0,287499.0,845000.0,662560.0,325550.0,600960.0,271774.0
2007-10-01,518300.0,539062.0,699012.0,361872.0,284848.0,865000.0,658420.0,309362.0,569890.0,257246.0
2007-11-01,483778.0,535776.0,695312.0,347857.0,298234.0,850500.0,659550.0,299237.0,530900.0,249602.0
2007-12-01,505577.0,495497.0,656441.0,345597.0,258437.0,797000.0,616220.0,285139.0,491180.0,264179.0
2008-01-01,464335.0,482417.0,630656.0,320159.0,257647.0,750000.0,561360.0,258230.0,476610.0,239285.0
2008-02-01,442892.0,450707.0,621982.0,315052.0,233405.0,780000.0,556300.0,258680.0,432890.0,242957.0
2008-03-01,396024.0,447500.0,601890.0,298186.0,232465.0,810000.0,569370.0,258458.0,397310.0,234510.0
2008-04-01,397050.0,442811.0,592488.0,291496.0,225842.0,752500.0,537990.0,235942.0,385310.0,234302.0
2008-05-01,368059.0,443585.0,575532.0,277072.0,215000.0,769650.0,528890.0,233229.0,390730.0,214648.0
2008-06-01,386403.0,418829.0,563959.0,269213.0,204586.0,740000.0,536310.0,220633.0,368260.0,211724.0
2008-07-01,386128.0,408730.0,545120.0,248427.0,196609.0,706500.0,526000.0,219147.0,350920.0,200719.0
2008-08-01,381736.0,388712.0,524594.0,237780.0,190666.0,650000.0,470250.0,220894.0,320050.0,189506.0
2008-09-01,385269.0,378759.0,502647.0,229125.0,177302.0,600000.0,427040.0,195902.0,294790.0,178764.0
2008-10-01,336764.0,365578.0,497642.0,221870.0,171807.0,549940.0,405400.0,196917.0,281820.0,174482.0
2008-11-01,314305.0,345386.0,462226.0,210721.0,167017.0,515000.0,390270.0,184762.0,273140.0,160298.0
2008-12-01,318075.0,346597.0,453524.0,201751.0,156478.0,512450.0,368240.0,181655.0,253790.0,157499.0
2009-01-01,285798.0,332195.0,442168.0,189903.0,138605.0,450000.0,324170.0,167967.0,231250.0,145200.0
2009-02-01,267830.0,332887.0,456989.0,184677.0,135527.0,445000.0,327370.0,168100.0,224620.0,133870.0
2009-03-01,255665.0,326832.0,463003.0,180043.0,131853.0,448750.0,316440.0,168652.0,225820.0,144200.0
2009-04-01,252776.0,337222.0,461032.0,171480.0,121685.0,465000.0,337100.0,167355.0,235030.0,135999.0
2009-05-01,248851.0,341666.0,496268.0,171673.0,120406.0,490000.0,374850.0,179027.0,241960.0,140000.0
2009-06-01,286657.0,362647.0,522750.0,178919.0,123141.0,550000.0,405260.0,179938.0,261840.0,140263.0
2009-07-01,298719.0,372645.0,526670.0,184261.0,123526.0,587000.0,397460.0,181908.0,278820.0,146707.0
2009-08-01,310957.0,375706.0,539980.0,183164.0,126704.0,555000.0,392260.0,188828.0,276030.0,149047.0
2009-09-01,345597.0,386046.0,541089.0,183497.0,129879.0,553000.0,432440.0,180496.0,271960.0,151086.0
2009-10-01,308280.0,378540.0,526842.0,186257.0,131578.0,590000.0,427180.0,185891.0,295440.0,152840.0
2009-11-01,315397.0,376448.0,547495.0,194999.0,135987.0,605000.0,431980.0,185463.0,304420.0,153728.0
2009-12-01,332267.0,382226.0,544300.0,191344.0,135938.0,560000.0,408590.0,186695.0,294440.0,148172.0
2010-01-01,316698.0,366778.0,527477.0,193687.0,134999.0,525000.0,383330.0,173305.0,274100.0,145965.0
2010-02-01,283299.0,372096.0,533805.0,198129.0,134047.0,550000.0,410230.0,176586.0,278350.0,152741.0
2010-03-01,290000.0,393598.0,550420.0,201104.0,137585.0,590000.0,432720.0,180388.0,287800.0,150963.0
2010-04-01,289710.0,388480.0,546050.0,209530.0,138220.0,628000.0,407830.0,182155.0,298850.0,148230.0
2010-05-01,297410.0,391410.0,555800.0,213060.0,137370.0,630000.0,472370.0,189113.0,308330.0,157520.0
2010-06-01,310871.0,397911.0,566508.0,214335.0,141895.0,633000.0,474520.0,194266.0,326970.0,161176.0
2010-07-01,331420.0,389437.0,568970.0,212570.0,144627.0,630000.0,458180.0,185217.0,318110.0,150000.0
2010-08-01,336420.0,384700.0,561900.0,208120.0,144210.0,625000.0,440480.0,184180.0,313200.0,149880.0
2010-09-01,355900.0,388850.0,557390.0,209660.0,141150.0,608000.0,424770.0,180680.0,310840.0,155060.0
2010-10-01,333970.0,384570.0,519140.0,205150.0,140360.0,618500.0,444670.0,178871.0,289830.0,149460.0
2010-11-01,302450.0,385490.0,541220.0,199340.0,138340.0,575000.0,434420.0,181383.0,281400.0,146020.0
2010-12-01,328140.0,375790.0,499810.0,205220.0,134760.0,548000.0,412210.0,177159.0,287080.0,145280.0
2011-01-01,305570.0,370100.0,511590.0,197550.0,138040.0,524000.0,363750.0,169838.0,257930.0,136020.0
2011-02-01,286100.0,367770.0,496540.0,203640.0,131470.0,520000.0,392660.0,167633.0,267270.0,141360.0
2011-03-01,282170.0,383620.0,523610.0,201520.0,130690.0,550250.0,420420.0,167457.0,273350.0,138120.0
2011-04-01,290600.0,378230.0,530140.0,199230.0,128900.0,578000.0,390960.0,168378.0,286320.0,130200.0
2011-05-01,271540.0,382300.0,544700.0,200000.0,127380.0,599950.0,415830.0,166243.0,283950.0,136850.0
2011-06-01,301300.0,377550.0,534680.0,202910.0,129570.0,623000.0,415300.0,165329.0,299360.0,135490.0
2011-07-01,317060.0,375330.0,551510.0,200910.0,133950.0,607000.0,420150.0,168090.0,292620.0,137100.0
2011-08-01,312900.0,369390.0,508910.0,202060.0,135030.0,595000.0,407420.0,166680.0,294060.0,141500.0
2011-09-01,330610.0,364180.0,500000.0,199890.0,130820.0,569100.0,390440.0,164120.0,282000.0,139030.0
2011-10-01,307970.0,357380.0,484390.0,195760.0,132210.0,549000.0,391710.0,163160.0,275710.0,140100.0
2011-11-01,291260.0,356410.0,487610.0,200080.0,135280.0,560000.0,396990.0,164700.0,279330.0,141470.0
2011-12-01,306950.0,359930.0,484630.0,203650.0,128450.0,535000.0,383430.0,161840.0,275180.0,136740.0
2012-01-01,290900.0,350680.0,483510.0,196050.0,129920.0,495000.0,340600.0,161080.0,258430.0,128200.0
2012-02-01,272690.0,362470.0,485380.0,200730.0,132500.0,530000.0,360670.0,163530.0,252150.0,139280.0
2012-03-01,272920.0,363710.0,485300.0,211350.0,131640.0,575250.0,372220.0,166760.0,283010.0,134690.0
2012-04-01,286800.0,369910.0,513950.0,213950.0,132030.0,636000.0,412590.0,168820.0,317140.0,140100.0
2012-05-01,282930.0,379800.0,538340.0,213240.0,134660.0,643500.0,430340.0,169230.0,345180.0,141580.0
2012-06-01,315390.0,388100.0,567910.0,219850.0,138110.0,695000.0,459760.0,172520.0,341100.0,150000.0
2012-07-01,334190.0,392380.0,551160.0,223740.0,145710.0,690000.0,473600.0,176500.0,364020.0,149060.0
2012-08-01,344770.0,389540.0,567710.0,227740.0,143470.0,666750.0,466760.0,184000.0,334080.0,151110.0
2012-09-01,373020.0,404880.0,561830.0,228900.0,150090.0,650000.0,454170.0,180830.0,352260.0,159130.0
2012-10-01,364810.0,395470.0,558680.0,230730.0,148480.0,688000.0,460670.0,189800.0,330370.0,151850.0
2012-11-01,337080.0,403990.0,565020.0,239610.0,152000.0,679000.0,467840.0,194700.0,346370.0,148240.0
2012-12-01,367400.0,418290.0,582930.0,251520.0,158540.0,681000.0,463010.0,195630.0,360110.0,157620.0
2013-01-01,349720.0,390890.0,566500.0,244780.0,154500.0,652500.0,466830.0,201010.0,339340.0,151450.0
2013-02-01,337630.0,407220.0,607230.0,245830.0,156360.0,710000.0,451580.0,203540.0,346670.0,158950.0
2013-03-01,340890.0,436710.0,619430.0,263670.0,161900.0,730000.0,523280.0,220590.0,386410.0,160510.0
2013-04-01,361630.0,454390.0,653740.0,274420.0,164470.0,790000.0,573000.0,221880.0,462720.0,173860.0
2013-05-01,365990.0,469590.0,655630.0,282560.0,170090.0,824960.0,593160.0,243660.0,484640.0,167770.0
2013-06-01,403760.0,483330.0,661740.0,298470.0,174650.0,809000.0,604600.0,247100.0,491080.0,175820.0
2013-07-01,421350.0,483800.0,675000.0,294300.0,180270.0,840000.0,614810.0,254550.0,508720.0,183870.0
2013-08-01,444950.0,482470.0,664580.0,290030.0,183240.0,808100.0,607240.0,257660.0,482530.0,184000.0
2013-09-01,459010.0,490130.0,672680.0,293560.0,185860.0,779480.0,604100.0,255390.0,454760.0,185830.0
2013-10-01,447130.0,477130.0,660080.0,296640.0,191330.0,770000.0,588600.0,253560.0,446060.0,182620.0
2013-11-01,405470.0,473360.0,660890.0,306350.0,192470.0,785000.0,607900.0,246900.0,457080.0,193020.0
2013-12-01,439830.0,479690.0,677660.0,310020.0,199020.0,769900.0,585440.0,250370.0,451490.0,190350.0
2014-01-01,423570.0,479340.0,653850.0,314070.0,190130.0,731000.0,559110.0,242510.0,397760.0,184120.0
2014-02-01,389080.0,476780.0,677700.0,302370.0,186440.0,805000.0,572630.0,260330.0,441280.0,182270.0
2014-03-01,395660.0,490280.0,675540.0,310670.0,188550.0,865000.0,623110.0,263810.0,464350.0,202100.0
2014-04-01,406750.0,492080.0,679820.0,309240.0,199420.0,900500.0,656140.0,267260.0,494280.0,192880.0
2014-05-01,411640.0,498020.0,698260.0,323890.0,214460.0,878080.0,680020.0,273970.0,519670.0,199540.0
2014-06-01,435950.0,531350.0,696680.0,321840.0,204860.0,902500.0,695210.0,271630.0,510990.0,201080.0
2014-07-01,461290.0,523070.0,695270.0,319960.0,216570.0,860750.0,688870.0,276190.0,546580.0,201530.0
2014-08-01,474640.0,510860.0,699430.0,318640.0,208550.0,865000.0,691500.0,272750.0,538510.0,203760.0
2014-09-01,486030.0,519420.0,696190.0,316500.0,212790.0,850000.0,652610.0,276960.0,499220.0,208210.0
2014-10-01,477600.0,493030.0,692390.0,321750.0,208080.0,870000.0,659660.0,270150.0,490480.0,200600.0
2014-11-01,434070.0,491690.0,689480.0,320880.0,213780.0,850000.0,670320.0,266260.0,457630.0,200000.0
2014-12-01,464650.0,494500.0,683490.0,322020.0,216020.0,846500.0,645680.0,269350.0,483330.0,204430.0
2015-01-01,441610.0,496380.0,674340.0,306060.0,206660.0,815000.0,610130.0,256670.0,442440.0,211470.0
2015-02-01,419260.0,499000.0,680290.0,323220.0,213930.0,915130.0,651950.0,283960.0,476340.0,210320.0
2015-03-01,419370.0,530650.0,696060.0,331710.0,215640.0,932100.0,713060.0,282080.0,491780.0,213960.0
2015-04-01,427010.0,530810.0,705190.0,333520.0,219150.0,960000.0,742340.0,283600.0,553030.0,217510.0
2015-05-01,432570.0,538660.0,717850.0,332490.0,220890.0,993000.0,763740.0,293480.0,557060.0,216110.0
2015-06-01,473290.0,569530.0,716730.0,337380.0,231300.0,990000.0,750000.0,295310.0,555000.0,223150.0
2015-07-01,490360.0,549000.0,720000.0,335000.0,230180.0,965000.0,765000.0,291000.0,550000.0,225000.0
2015-08-01,492360.0,539000.0,714380.0,335000.0,230530.0,973000.0,735000.0,290000.0,560000.0,220000.0
2015-09-01,517750.0,525000.0,705000.0,329000.0,229890.0,955000.0,731000.0,290700.0,525000.0,220000.0
2015-10-01,509570.0,520500.0,700000.0,330000.0,231330.0,951000.0,710000.0,290000.0,505000.0,215000.0
2015-11-01,457870.0,532380.0,705000.0,330000.0,236220.0,965000.0,730000.0,290000.0,550000.0,225000.0
2015-12-01,502750.0,530000.0,700000.0,341000.0,234080.0,920000.0,731500.0,296500.0,500000.0,225000.0
2016-01-01,480950.0,530000.0,699900.0,328000.0,234460.0,895000.0,700000.0,281000.0,500000.0,216000.0
2016-02-01,444410.0,523500.0,705000.0,330000.0,226870.0,942500.0,715000.0,299000.0,529000.0,214250.0
2016-03-01,441700.0,550000.0,720200.0,350000.0,237350.0,1065000.0,758000.0,305000.0,548780.0,231000.0
2016-04-01,457180.0,557000.0,735000.0,350000.0,236850.0,1085000.0,800000.0,309000.0,565000.0,229000.0
2016-05-01,467290.0,565000.0,731750.0,355000.0,245080.0,1100000.0,828000.0,317950.0,595000.0,232000.0
2016-06-01,502190.0,560000.0,754000.0,360000.0,245220.0,1050000.0,803000.0,329000.0,625000.0,241000.0
2016-07-01,513700.0,560000.0,734000.0,359900.0,248000.0,1045000.0,800000.0,320000.0,625000.0,235700.0
2016-08-01,520400.0,563000.0,749000.0,355000.0,240500.0,975000.0,775000.0,323500.0,570000.0,239000.0
2016-09-01,550705.0,569000.0,739000.0,352250.0,251750.0,1000000.0,760000.0,317500.0,549900.0,240000.0
2016-10-01,536760.0,576620.0,750000.0,355950.0,245000.0,1047500.0,775000.0,320000.0,535650.0,240000.0
2016-11-01,487060.0,557000.0,734500.0,352500.0,250000.0,1010000.0,800000.0,325000.0,569000.0,238000.0
2016-12-01,522520.0,568000.0,745000.0,360000.0,255000.0,965000.0,755000.0,314940.0,550000.0,239500.0
2017-01-01,509130.0,550000.0,740000.0,357500.0,245440.0,927500.0,755000.0,305000.0,540000.0,238000.0
2017-02-01,470200.0,559950.0,745000.0,367250.0,265000.0,1100000.0,786000.0,324900.0,554250.0,230000.0
2017-03-01,465810.0,571000.0,760000.0,375000.0,260000.0,1130000.0,833750.0,326750.0,585000.0,247250.0
2017-04-01,480230.0,590000.0,775000.0,379000.0,255500.0,1160000.0,875000.0,326000.0,653694.0,244090.0
2017-05-01,492040.0,605000.0,795000.0,375000.0,272500.0,1200000.0,862000.0,342100.0,653000.0,250000.0
2017-06-01,548220.0,612750.0,795000.0,385000.0,270000.0,1182500.0,900000.0,347000.0,660000.0,260000.0
2017-07-01,566240.0,613000.0,785000.0,385500.0,266250.0,1165000.0,875500.0,353000.0,633250.0,258000.0
2017-08-01,570720.0,605000.0,789000.0,388500.0,269950.0,1150000.0,867500.0,348000.0,627860.0,259000.0
2017-09-01,606110.0,605000.0,799000.0,385700.0,279000.0,1180000.0,853000.0,347750.0,605000.0,265000.0
2017-10-01,580360.0,603000.0,786000.0,382500.0,274450.0,1242500.0,862450.0,349900.0,615000.0,254950.0
2017-11-01,530920.0,619900.0,785000.0,383000.0,280000.0,1282500.0,880000.0,349900.0,615000.0,264000.0
2017-12-01,577690.0,605000.0,785500.0,385000.0,278000.0,1300000.0,862000.0,350000.0,600000.0,259750.0
2018-01-01,564100.0,590000.0,780000.0,397250.0,277000.0,1170000.0,840000.0,350000.0,555000.0,245450.0
2018-02-01,527280.0,605000.0,805380.0,396250.0,278000.0,1383500.0,832000.0,350000.0,610000.0,266440.0
2018-03-01,528980.0,625400.0,824450.0,398000.0,280000.0,1454500.0,955000.0,365000.0,655000.0,264950.0
2018-04-01,528540.0,635000.0,818000.0,400000.0,289900.0,1425000.0,969300.0,369000.0,689660.0,260000.0
2018-05-01,536940.0,640000.0,838000.0,409920.0,285000.0,1400000.0,1025000.0,375000.0,687500.0,279980.0
2018-06-01,586090.0,650000.0,835500.0,405000.0,293250.0,1400000.0,1015000.0,375000.0,702370.0,275500.0
2018-07-01,597520.0,650000.0,829000.0,408000.0,292000.0,1351000.0,970000.0,370000.0,680000.0,280000.0
2018-08-01,607490.0,660000.0,838500.0,400750.0,290000.0,1295000.0,960000.0,369950.0,650000.0,280000.0
2018-09-01,634680.0,640000.0,825000.0,405950.0,300000.0,1250000.0,900000.0,372000.0,650000.0,267000.0
2018-10-01,614500.0,635500.0,810000.0,400000.0,289000.0,1290000.0,900000.0,360000.0,657000.0,272000.0
2018-11-01,553940.0,626000.0,795000.0,400000.0,299450.0,1250000.0,900000.0,365000.0,641000.0,265750.0
2018-12-01,588140.0,618500.0,785000.0,398000.0,295000.0,1150000.0,850000.0,364500.0,612500.0,266500.0
2019-01-01,566010.0,610000.0,796500.0,400000.0,290000.0,1185000.0,826000.0,352250.0,595000.0,270000.0
2019-02-01,541390.0,625000.0,792500.0,410000.0,298250.0,1170000.0,860000.0,360000.0,649480.0,265000.0
2019-03-01,525520.0,623800.0,809500.0,412000.0,309950.0,1300000.0,911000.0,365000.0,644000.0,280000.0
2019-04-01,544170.0,649000.0,825000.0,423000.0,305000.0,1315000.0,940000.0,385000.0,679000.0,271250.0
2019-05-01,539480.0,650000.0,845000.0,420000.0,315000.0,1335000.0,959000.0,385000.0,700360.0,284900.0
2019-06-01,599680.0,665000.0,842000.0,420000.0,310000.0,1350000.0,960000.0,390000.0,698000.0,283000.0
2019-07-01,611230.0,650000.0,839450.0,420000.0,312000.0,1298000.0,950000.0,390000.0,660000.0,284400.0
2019-08-01,627690.0,650000.0,810000.0,420000.0,315000.0,1190000.0,905500.0,386000.0,672750.0,285000.0
2019-09-01,663110.0,636750.0,830000.0,429450.0,315000.0,1225000.0,910000.0,385000.0,656000.0,296000.0
2019-10-01,647900.0,652000.0,820000.0,420000.0,319000.0,1234750.0,925000.0,385000.0,681250.0,287000.0
2019-11-01,594840.0,659000.0,822000.0,425000.0,315000.0,1259000.0,910000.0,385000.0,640000.0,291500.0
2019-12-01,641340.0,655000.0,840000.0,420000.0,320000.0,1225000.0,881500.0,385000.0,665000.0,285000.0
2020-01-01,617520.0,660000.0,855000.0,415460.0,325000.0,1200000.0,875000.0,379000.0,614000.0,289950.0
2020-02-01,580690.0,670000.0,880000.0,428000.0,329000.0,1350000.0,945000.0,398500.0,635250.0,289950.0
2020-03-01,567910.0,675000.0,882000.0,435000.0,316000.0,1400000.0,970500.0,400000.0,711000.0,282500.0
2020-04-01,565170.0,671000.0,861000.0,435000.0,325000.0,1388890.0,1030000.0,400000.0,710000.0,290000.0
2020-05-01,553710.0,655000.0,834550.0,434480.0,320000.0,1365000.0,955000.0,395000.0,690000.0,295000.0
2020-06-01,619320.0,678000.0,870000.0,450000.0,325000.0,1382000.0,976000.0,417000.0,750500.0,313950.0
2020-07-01,660340.0,719000.0,880000.0,462000.0,350000.0,1380000.0,1027500.0,422740.0,785000.0,320000.0
2020-08-01,692630.0,732560.0,930000.0,486500.0,350000.0,1400000.0,1028220.0,425000.0,805000.0,322000.0
2020-09-01,766010.0,735000.0,915000.0,480000.0,359900.0,1402500.0,1050000.0,439000.0,783000.0,325000.0
2020-10-01,745080.0,749000.0,930000.0,485000.0,365000.0,1442500.0,1049000.0,440000.0,787250.0,331500.0
2020-11-01,673310.0,740000.0,930000.0,490000.0,380250.0,1383000.0,1049040.0,442500.0,810000.0,323500.0
2020-12-01,660000.0,730000.0,950000.0,488250.0,378500.0,1375000.0,1060000.0,442250.0,763000.0,325500.0
2021-01-01,697660.0,730000.0,971000.0,495500.0,390000.0,1375000.0,1060000.0,450000.0,765000.0,325000.0
2021-02-01,664120.0,765000.0,995000.0,519500.0,389900.0,1486250.0,1100000.0,463000.0,817500.0,350000.0
2021-03-01,689440.0,800000.0,1025000.0,535000.0,412000.0,1600000.0,1163000.0,485000.0,920000.0,350000.0
2021-04-01,718440.0,825120.0,1100000.0,545500.0,405000.0,1650000.0,1300000.0,490000.0,990000.0,355000.0
2021-05-01,725680.0,851000.0,1100000.0,560000.0,410000.0,1675000.0,1312500.0,500000.0,1015000.0,361500.0
2021-06-01,796120.0,865000.0,1138000.0,575000.0,435000.0,1750000.0,1300000.0,525000.0,990000.0,375000.0
2021-07-01,809750.0,860000.0,1090000.0,570000.0,440000.0,1670000.0,1300000.0,514000.0,940000.0,370000.0
2021-08-01,830070.0,835000.0,1100000.0,570000.0,435000.0,1655000.0,1300000.0,515000.0,889500.0,375000.0
2021-09-01,886050.0,850000.0,1100000.0,570000.0,437000.0,1630000.0,1300000.0,507000.0,897000.0,380000.0
2021-10-01,848970.0,850000.0,1120000.0,580000.0,445000.0,1625000.0,1280000.0,510000.0,900500.0,385000.0
2021-11-01,769500.0,847750.0,1150000.0,586900.0,440000.0,1692500.0,1300000.0,515000.0,876000.0,385000.0
2021-12-01,826500.0,836700.0,1182500.0,586000.0,460000.0,1740000.0,1200000.0,515000.0,830000.0,395000.0
2022-01-01,800960.0,875000.0,1195000.0,590000.0,450000.0,1716000.0,1250000.0,524000.0,829000.0,395500.0
2022-02-01,773490.0,888000.0,1260000.0,605030.0,450000.0,1820000.0,1350000.0,541500.0,935000.0,405000.0
2022-03-01,781050.0,950000.0,1305000.0,620000.0,475000.0,1950000.0,1430000.0,560000.0,965900.0,415000.0
2022-04-01,801680.0,975000.0,1325000.0,630000.0,495000.0,1970000.0,1500000.0,570000.0,1050000.0,425000.0
2022-05-01,798720.0,970000.0,1295000.0,650000.0,490000.0,1927500.0,1545000.0,580000.0,1025000.0,420000.0
2022-06-01,860230.0,950000.0,1265000.0,645000.0,490000.0,1820000.0,1420000.0,560000.0,976940.0,425000.0
2022-07-01,846320.0,930000.0,1231000.0,625000.0,490000.0,1740000.0,1340000.0,550000.0,902500.0,407000.0
2022-08-01,854960.0,885000.0,1200000.0,620000.0,472750.0,1650000.0,1230000.0,535000.0,870000.0,405000.0
2022-09-01,891770.0,899000.0,1200000.0,600000.0,480000.0,1700000.0,1240000.0,520000.0,882000.0,415000.0
2022-10-01,854560.0,860000.0,1165000.0,599990.0,465000.0,1625000.0,1250000.0,512500.0,867000.0,400000.0
2022-11-01,836630.0,865000.0,1100000.0,580000.0,437500.0,1600000.0,1175000.0,510000.0,890000.0,393000.0
2022-12-01,799670.0,850000.0,1131760.0,575000.0,466940.0,1478000.0,1065500.0,485000.0,777500.0,396000.0
2023-01-01,778540.0,824950.0,1194500.0,585000.0,446900.0,1530000.0,1065000.0,498000.0,736500.0,375000.0
2023-02-01,726870.0,875000.0,1159000.0,595000.0,466500.0,1500000.0,1100000.0,499000.0,760000.0,385000.0
2023-03-01,718370.0,915000.0,1250000.0,612000.0,475000.0,1700000.0,1225000.0,500000.0,852500.0,409500.0
